,Unnamed: 0,taxon,value,type,b1,b2,b3,b4,low,high,a1,a2,a3,a4,variable
7,7,Baetidae,,continuous,5.0,22.5,8.73,60.0,5.0,117.6,5.0,8.73,22.5,60.0,COD
1,1,Baetidae,,continuous,36.5,297.22395961629593,80.65,1061.9868885937844,36.5,1981.0,36.5,80.65,208.0,749.25,Conductivity
11,11,Baetidae,,continuous,3.0,165.0,43.5,1075.0,2.0,1075.0,3.0,43.5,165.0,1075.0,Elevation
9,9,Baetidae,,continuous,0.02,0.095,0.03,1.26,0.015,8.8,0.02,0.03,0.095,1.26,NH4+-N
0,0,Baetidae,,continuous,9.96841099998818,27.01,21.43561842016182,32.22,19.04,34.0,19.04,24.805,27.01,32.22,Temperature
