,Unnamed: 0,taxon,value,type,b1,b2,b3,b4,low,high,a1,a2,a3,a4,variable
5,5,Baetidae,,continuous,1.97,8.2725,6.5875,10.65,1.97,13.63,1.97,6.5875,8.2725,10.65,DO
0,0,Baetidae,,continuous,9.96841099998818,27.01,21.43561842016182,32.22,19.04,34.0,19.04,24.805,27.01,32.22,Temperature
6,6,Baetidae,,continuous,0.2,5.07,1.3725,98.19991907011541,0.0,355.63,0.2,1.3725,5.07,85.43,Turbidity
