,Unnamed: 0,taxon,value,type,b1,b2,b3,b4,low,high,a1,a2,a3,a4,variable
7,7,Baetidae,,continuous,2.7180675905004157,22.5,8.73,79.87603521062448,5.0,117.6,5.0,8.73,22.5,60.0,COD
8,8,Baetidae,,continuous,0.23,0.29,0.23,0.95,0.23,2.0,0.23,0.23,0.29,0.95,NO3--N
0,0,Baetidae,,continuous,9.96841099998818,27.01,21.43561842016182,38.352029317121236,19.04,34.0,19.04,24.805,27.01,32.22,Temperature
6,6,Baetidae,,continuous,0.2,5.07,1.3725,98.19991907011541,0.0,355.63,0.2,1.3725,5.07,85.43,Turbidity
