,Unnamed: 0,taxon,value,type,b1,b2,b3,b4,low,high,a1,a2,a3,a4,variable
7,7,Baetidae,,continuous,2.7180675905004157,22.5,8.73,79.87603521062448,5.0,117.6,5.0,8.73,22.5,60.0,COD
6,6,Baetidae,,continuous,0.2,5.07,1.3725,98.19991907011541,0.0,355.63,0.2,1.3725,5.07,85.43,Turbidity
10,10,Baetidae,,continuous,0.0,0.4,0.0,1.0,0.0,1.5,0.0,0.0,0.4,1.0,velocity
