,Unnamed: 0,taxon,value,type,b1,b2,b3,b4,low,high,a1,a2,a3,a4,variable
7,7,Baetidae,,continuous,2.7180675905004157,43.518641609865384,8.73,89.84822721177892,5.0,117.6,5.0,8.73,22.5,60.0,COD
4,4,Baetidae,,continuous,0.53,3.7725,1.86,55.84,0.53,181.74,0.53,1.86,3.7725,55.84,Cl-
5,5,Baetidae,,continuous,1.97,8.2725,6.5875,10.65,1.97,13.63,1.97,6.5875,8.2725,10.65,DO
11,11,Baetidae,,continuous,1.6140506411865598,165.0,43.5,1481.5672229916624,2.0,1075.0,3.0,43.5,165.0,1075.0,Elevation
9,9,Baetidae,,continuous,0.02,0.095,0.03,1.26,0.015,8.8,0.02,0.03,0.095,1.26,NH4+-N
0,0,Baetidae,,continuous,9.96841099998818,27.01,21.43561842016182,38.352029317121236,19.04,34.0,19.04,24.805,27.01,32.22,Temperature
