,Unnamed: 0,taxon,value,type,b1,b2,b3,b4,low,high,a1,a2,a3,a4,variable
7,7,Baetidae,,continuous,2.5801452011725003,43.518641609865384,8.73,89.84822721177892,5.0,117.6,5.0,8.73,22.5,60.0,COD
11,11,Baetidae,,continuous,1.6140506411865598,165.0,43.5,1481.5672229916624,2.0,1075.0,3.0,43.5,165.0,1075.0,Elevation
8,8,Baetidae,,continuous,0.23,0.29,0.23,0.95,0.23,2.0,0.23,0.23,0.29,0.95,NO3--N
10,10,Baetidae,,continuous,0.0,0.4,0.0,1.0,0.0,1.5,0.0,0.0,0.4,1.0,velocity
