,Unnamed: 0,taxon,value,type,b1,b2,b3,b4,low,high,a1,a2,a3,a4,variable
7,7,Baetidae,,continuous,2.5801452011725003,43.518641609865384,8.73,89.84822721177892,5.0,117.6,5.0,8.73,22.5,60.0,COD
1,1,Baetidae,,continuous,36.5,297.22395961629593,80.65,1061.9868885937844,36.5,1981.0,36.5,80.65,208.0,749.25,Conductivity
8,8,Baetidae,,continuous,0.23,0.29,0.23,0.95,0.23,2.0,0.23,0.23,0.29,0.95,NO3--N
0,0,Baetidae,,continuous,9.96841099998818,27.01,21.43561842016182,42.58830455003515,19.04,34.0,19.04,24.805,27.01,32.22,Temperature
2,2,Baetidae,,continuous,6.69,8.16,7.18,8.8,6.56,8.87,6.69,7.18,8.16,8.8,pH
