,Unnamed: 0,taxon,value,type,b1,b2,b3,b4,low,high,a1,a2,a3,a4,variable
7,7,Baetidae,,continuous,2.5801452011725003,43.518641609865384,8.73,89.84822721177892,5.0,117.6,5.0,8.73,22.5,60.0,COD
11,11,Baetidae,,continuous,1.6140506411865598,165.0,43.5,1481.5672229916624,2.0,1075.0,3.0,43.5,165.0,1075.0,Elevation
0,0,Baetidae,,continuous,9.96841099998818,27.01,21.43561842016182,42.58830455003515,19.04,34.0,19.04,24.805,27.01,32.22,Temperature
2,2,Baetidae,,continuous,6.69,8.16,7.18,8.8,6.56,8.87,6.69,7.18,8.16,8.8,pH
