,Unnamed: 0,taxon,value,type,b1,b2,b3,b4,low,high,a1,a2,a3,a4,variable
4,4,Baetidae,,continuous,0.53,3.7725,1.86,55.84,0.53,181.74,0.53,1.86,3.7725,55.84,Cl-
11,11,Baetidae,,continuous,1.6140506411865598,165.0,43.5,1481.5672229916624,2.0,1075.0,3.0,43.5,165.0,1075.0,Elevation
