,Unnamed: 0,taxon,value,type,b1,b2,b3,b4,low,high,a1,a2,a3,a4,variable
3,3,Baetidae,,continuous,0.73,5.6725,1.9225,25.43,0.73,66.84,0.73,1.9225,5.6725,25.43,Chlorophyll
5,5,Baetidae,,continuous,1.97,8.2725,6.5875,10.65,1.97,13.63,1.97,6.5875,8.2725,10.65,DO
11,11,Baetidae,,continuous,1.6140506411865598,165.0,43.5,1481.5672229916624,2.0,1075.0,3.0,43.5,165.0,1075.0,Elevation
9,9,Baetidae,,continuous,0.02,0.095,0.03,1.26,0.015,8.8,0.02,0.03,0.095,1.26,NH4+-N
6,6,Baetidae,,continuous,0.2,5.07,1.3725,98.19991907011541,0.0,355.63,0.2,1.3725,5.07,85.43,Turbidity
