,Unnamed: 0,taxon,value,type,b1,b2,b3,b4,low,high,a1,a2,a3,a4,variable
11,11,Baetidae,,continuous,1.6140506411865598,165.0,43.5,1566.748209000031,2.0,1075.0,3.0,43.5,165.0,1075.0,Elevation
9,9,Baetidae,,continuous,0.02,0.095,0.03,1.26,0.015,8.8,0.02,0.03,0.095,1.26,NH4+-N
0,0,Baetidae,,continuous,9.96841099998818,27.01,21.43561842016182,42.58830455003515,19.04,34.0,19.04,24.805,27.01,32.22,Temperature
10,10,Baetidae,,continuous,0.0,0.4,0.0,1.0,0.0,1.5,0.0,0.0,0.4,1.0,velocity
