,Unnamed: 0,taxon,value,type,b1,b2,b3,b4,low,high,a1,a2,a3,a4,variable
1,1,Baetidae,,continuous,36.5,297.22395961629593,80.65,1061.9868885937844,36.5,1981.0,36.5,80.65,208.0,749.25,Conductivity
11,11,Baetidae,,continuous,1.6140506411865598,165.0,43.5,1566.748209000031,2.0,1075.0,3.0,43.5,165.0,1075.0,Elevation
