,Unnamed: 0,taxon,value,type,b1,b2,b3,b4,low,high,a1,a2,a3,a4,variable
11,11,Baetidae,,continuous,1.6140506411865598,165.0,43.5,1566.748209000031,2.0,1075.0,3.0,43.5,165.0,1075.0,Elevation
6,6,Baetidae,,continuous,0.2,5.07,1.3725,98.19991907011541,0.0,355.63,0.2,1.3725,5.07,85.43,Turbidity
