,Unnamed: 0,taxon,value,type,b1,b2,b3,b4,low,high,a1,a2,a3,a4,variable
0,0,Baetidae,,continuous,9.96841099998818,27.01,21.43561842016182,42.58830455003515,19.04,34.0,19.04,24.805,27.01,32.22,Temperature
2,2,Baetidae,,continuous,6.69,8.16,7.18,8.8,6.56,8.87,6.69,7.18,8.16,8.8,pH
