,Unnamed: 0,taxon,value,type,b1,b2,b3,b4,low,high,a1,a2,a3,a4,variable
7,7,Baetidae,,continuous,2.5801452011725003,46.89678773484018,8.73,89.84822721177892,5.0,117.6,5.0,8.73,22.5,60.0,COD
8,8,Baetidae,,continuous,0.23,0.29,0.23,0.95,0.23,2.0,0.23,0.23,0.29,0.95,NO3--N
