,Unnamed: 0,taxon,value,type,b1,b2,b3,b4,low,high,a1,a2,a3,a4,variable
7,7,Baetidae,,continuous,2.5801452011725003,59.349325049562275,8.73,89.84822721177892,5.0,117.6,5.0,8.73,22.5,60.0,COD
0,0,Baetidae,,continuous,9.96841099998818,27.01,21.43561842016182,42.58830455003515,19.04,34.0,19.04,24.805,27.01,32.22,Temperature
10,10,Baetidae,,continuous,0.0,0.4,0.0,1.0,0.0,1.5,0.0,0.0,0.4,1.0,velocity
