,Unnamed: 0,taxon,value,type,b1,b2,b3,b4,low,high,a1,a2,a3,a4,variable
3,3,Baetidae,,continuous,0.73,5.6725,1.9225,25.43,0.73,66.84,0.73,1.9225,5.6725,25.43,Chlorophyll
4,4,Baetidae,,continuous,0.53,3.7725,1.86,55.84,0.53,181.74,0.53,1.86,3.7725,55.84,Cl-
0,0,Baetidae,,continuous,9.96841099998818,27.01,21.43561842016182,42.58830455003515,19.04,34.0,19.04,24.805,27.01,32.22,Temperature
