,Unnamed: 0,taxon,value,type,b1,b2,b3,b4,low,high,a1,a2,a3,a4,variable
1,1,Baetidae,,continuous,36.5,297.22395961629593,80.65,1061.9868885937844,36.5,1981.0,36.5,80.65,208.0,749.25,Conductivity
9,9,Baetidae,,continuous,0.02,0.095,0.03,1.26,0.015,8.8,0.02,0.03,0.095,1.26,NH4+-N
6,6,Baetidae,,continuous,0.2,5.07,1.3725,98.19991907011541,0.0,355.63,0.2,1.3725,5.07,85.43,Turbidity
