,Unnamed: 0,taxon,value,type,b1,b2,b3,b4,low,high,a1,a2,a3,a4,variable
0,0,Baetidae,,continuous,19.04,27.01,24.805,32.22,19.04,34.0,21.221921910539447,22.527451982639956,27.708098064032555,30.292142441432762,Temperature
1,1,Baetidae,,continuous,36.5,208.0,80.65,749.25,36.5,1981.0,156.960867181815,195.96908576117633,604.2592558125067,730.4411315067692,Conductivity
3,3,Baetidae,,continuous,0.73,5.6725,1.9225,25.43,0.73,66.84,0.7666859745151573,3.8904958086602566,5.31668268472996,10.556711209744853,Chlorophyll
4,4,Baetidae,,continuous,0.53,3.7725,1.86,55.84,0.53,181.74,1.972213369613342,2.211419860917096,25.765287228078236,51.10732269461637,Cl-
6,6,Baetidae,,continuous,0.2,5.07,1.3725,85.43,0.0,355.63,0.8092027912776956,1.5188800364056811,29.86772455991228,59.17348383101419,Turbidity
7,7,Baetidae,,continuous,5.0,22.5,8.73,60.0,5.0,117.6,6.770032384609696,21.23055244935824,28.925787984350194,48.61205680871144,COD
9,9,Baetidae,,continuous,0.02,0.095,0.03,1.26,0.015,8.8,0.03808578232915029,0.07235060965255447,0.34895958424673534,0.4181632959921352,NH4+-N
