,Unnamed: 0,taxon,value,type,b1,b2,b3,b4,low,high,a1,a2,a3,a4,variable
1,1,Baetidae,,continuous,36.5,208.0,80.65,749.25,36.5,1981.0,135.6041865833647,193.88061006158958,413.09222575070055,424.07560315220064,Conductivity
3,3,Baetidae,,continuous,0.73,5.6725,1.9225,25.43,0.73,66.84,1.6808426235246878,3.8270078519155932,6.7185918762399455,14.045854002512828,Chlorophyll
4,4,Baetidae,,continuous,0.53,3.7725,1.86,55.84,0.53,181.74,2.4126621621913964,2.9749909222200053,38.69236632819772,39.919979719997556,Cl-
5,5,Baetidae,,continuous,1.97,8.2725,6.5875,10.65,1.97,13.63,7.059214138986242,7.263683413708788,8.084151696608599,9.978623155286169,DO
7,7,Baetidae,,continuous,5.0,22.5,8.73,60.0,5.0,117.6,11.07653182485171,16.530377485863838,18.218863434396408,29.970764213236393,COD
8,8,Baetidae,,continuous,0.23,0.29,0.23,0.95,0.23,2.0,0.23330018239088468,0.24200416931882823,0.5647228151619224,0.7845380283156591,NO3--N
10,10,Baetidae,,continuous,0.0,0.4,0.0,1.0,0.0,1.5,0.04148596733190413,0.10126820489688537,0.28642004887463113,0.6307762162149462,velocity
