,Unnamed: 0,taxon,value,type,b1,b2,b3,b4,low,high,a1,a2,a3,a4,variable
0,0,Baetidae,,continuous,19.04,27.01,24.805,32.22,19.04,34.0,23.360784263109743,24.29715201239619,26.75742010362318,30.880041456170893,Temperature
3,3,Baetidae,,continuous,0.73,5.6725,1.9225,25.43,0.73,66.84,1.7996382197125733,2.562042971793045,4.336589261777002,22.901789312475916,Chlorophyll
5,5,Baetidae,,continuous,1.97,8.2725,6.5875,10.65,1.97,13.63,2.9443138164666856,5.641412277256933,8.503738929731051,9.829224979411038,DO
6,6,Baetidae,,continuous,0.2,5.07,1.3725,85.43,0.0,355.63,2.720097833259256,4.7654854535453826,37.791998006494396,79.66753757820958,Turbidity
7,7,Baetidae,,continuous,5.0,22.5,8.73,60.0,5.0,117.6,13.254881528633566,20.428507924002552,21.10361726102592,31.01159804618992,COD
9,9,Baetidae,,continuous,0.02,0.095,0.03,1.26,0.015,8.8,0.06722190152706757,0.07380628974401526,0.14574445292137653,0.1840618960276665,NH4+-N
10,10,Baetidae,,continuous,0.0,0.4,0.0,1.0,0.0,1.5,0.08114037080004462,0.2100447834264974,0.5804855385196184,0.589621870148782,velocity
