,Unnamed: 0,taxon,value,type,b1,b2,b3,b4,low,high,a1,a2,a3,a4,variable
1,1,Baetidae,,continuous,36.5,208.0,80.65,749.25,36.5,1981.0,159.1157215481627,179.0623310887568,197.0678914200508,525.8153731099269,Conductivity
5,5,Baetidae,,continuous,1.97,8.2725,6.5875,10.65,1.97,13.63,3.1464429286180486,6.020268072635369,7.498948849151104,9.161832110246973,DO
6,6,Baetidae,,continuous,0.2,5.07,1.3725,85.43,0.0,355.63,2.217584135822306,3.055244275656716,48.38856722370555,76.37293796430465,Turbidity
8,8,Baetidae,,continuous,0.23,0.29,0.23,0.95,0.23,2.0,0.2501940061095939,0.2803778082370172,0.3331859302249273,0.7783902768458246,NO3--N
9,9,Baetidae,,continuous,0.02,0.095,0.03,1.26,0.015,8.8,0.0380245091543244,0.0677485207221789,0.07267553144693911,0.6513980486635275,NH4+-N
11,11,Baetidae,,continuous,3.0,165.0,43.5,1075.0,2.0,1075.0,20.422738384158215,129.35385000205352,256.0627621989447,826.3929994680572,Elevation
