,Unnamed: 0,taxon,value,type,b1,b2,b3,b4,low,high,a1,a2,a3,a4,variable
0,0,Baetidae,,continuous,19.04,27.01,24.805,32.22,19.04,34.0,19.116281410044714,23.18338474702354,27.530916620037605,30.92071236571171,Temperature
1,1,Baetidae,,continuous,36.5,208.0,80.65,749.25,36.5,1981.0,39.86058759154438,67.71334660075786,390.3556971143431,410.2499087115516,Conductivity
6,6,Baetidae,,continuous,0.2,5.07,1.3725,85.43,0.0,355.63,0.7208991284379029,2.078402355712116,25.242057404287284,79.35877596619946,Turbidity
7,7,Baetidae,,continuous,5.0,22.5,8.73,60.0,5.0,117.6,9.950376350577498,16.758628230232745,44.34246488693097,48.13738307668646,COD
8,8,Baetidae,,continuous,0.23,0.29,0.23,0.95,0.23,2.0,0.2733434442810224,0.28392591246205096,0.7748107624651781,0.8656848479425361,NO3--N
11,11,Baetidae,,continuous,3.0,165.0,43.5,1075.0,2.0,1075.0,20.836840994323715,121.38911575063139,163.93873055843727,654.0437339746919,Elevation
