,Unnamed: 0,taxon,value,type,b1,b2,b3,b4,low,high,a1,a2,a3,a4,variable
1,1,Baetidae,,continuous,36.5,208.0,80.65,749.25,36.5,1981.0,44.358011883084046,58.154562792958274,113.41790981673876,641.3661534656561,Conductivity
4,4,Baetidae,,continuous,0.53,3.7725,1.86,55.84,0.53,181.74,2.0244775229112255,2.889860061900384,2.970637767830894,23.11215390754761,Cl-
5,5,Baetidae,,continuous,1.97,8.2725,6.5875,10.65,1.97,13.63,6.849790529346142,7.583110399752833,7.963133041455891,9.575589801049443,DO
6,6,Baetidae,,continuous,0.2,5.07,1.3725,85.43,0.0,355.63,2.1361276428909033,2.3681398279235384,50.18877097850623,82.25040836385199,Turbidity
7,7,Baetidae,,continuous,5.0,22.5,8.73,60.0,5.0,117.6,5.296839479126444,21.810580170215278,28.91682367746261,38.14905297075134,COD
8,8,Baetidae,,continuous,0.23,0.29,0.23,0.95,0.23,2.0,0.26476819797294243,0.27842484069114876,0.4695070813082217,0.8334942110393506,NO3--N
9,9,Baetidae,,continuous,0.02,0.095,0.03,1.26,0.015,8.8,0.02141941959836773,0.03517948473251398,0.3713338211276911,0.4092489820393027,NH4+-N
10,10,Baetidae,,continuous,0.0,0.4,0.0,1.0,0.0,1.5,0.020633947658014008,0.1503634373817192,0.638740924563873,0.96188043847738,velocity
