,Unnamed: 0,taxon,value,type,b1,b2,b3,b4,low,high,a1,a2,a3,a4,variable
1,1,Baetidae,,continuous,36.5,208.0,80.65,749.25,36.5,1981.0,152.8381181440922,159.53350146384236,216.01670909648672,218.3138522460709,Conductivity
2,2,Baetidae,,continuous,6.69,8.16,7.18,8.8,6.56,8.87,7.227599696216984,7.2457727116545865,7.821215056567867,8.729439714483668,pH
3,3,Baetidae,,continuous,0.73,5.6725,1.9225,25.43,0.73,66.84,4.998029809051259,5.6123518179245,18.514624345463464,21.790371958298913,Chlorophyll
4,4,Baetidae,,continuous,0.53,3.7725,1.86,55.84,0.53,181.74,1.8976472427942914,3.1994123548607396,30.604951436081222,33.93797750067936,Cl-
5,5,Baetidae,,continuous,1.97,8.2725,6.5875,10.65,1.97,13.63,4.180068792557756,7.490198220897081,7.973438155772621,8.94763916760614,DO
7,7,Baetidae,,continuous,5.0,22.5,8.73,60.0,5.0,117.6,12.30096765078441,19.09492235743117,21.75074425938906,42.55327441566821,COD
8,8,Baetidae,,continuous,0.23,0.29,0.23,0.95,0.23,2.0,0.2759582048998733,0.2883233432451314,0.5129630894471465,0.7750488323942466,NO3--N
10,10,Baetidae,,continuous,0.0,0.4,0.0,1.0,0.0,1.5,0.08597654845278968,0.20659377623877911,0.41835960397190375,0.8038829208811581,velocity
11,11,Baetidae,,continuous,3.0,165.0,43.5,1075.0,2.0,1075.0,5.797816448513143,89.10749984088136,151.0521066072664,579.0542435982695,Elevation
