,Unnamed: 0,taxon,value,type,b1,b2,b3,b4,low,high,a1,a2,a3,a4,variable
0,0,Baetidae,,continuous,19.04,27.01,24.805,32.22,19.04,34.0,20.875108745502214,25.133814740977616,30.509103320955514,30.561787225878188,Temperature
1,1,Baetidae,,continuous,36.5,208.0,80.65,749.25,36.5,1981.0,106.87531703185493,141.64908862587237,325.99784994955246,734.2329975241295,Conductivity
9,9,Baetidae,,continuous,0.02,0.095,0.03,1.26,0.015,8.8,0.03772200172630075,0.0864908299207741,0.4214590808805747,1.202079932980639,NH4+-N
10,10,Baetidae,,continuous,0.0,0.4,0.0,1.0,0.0,1.5,0.014052517219459437,0.05144151889017552,0.059763040549697055,0.18325538540987407,velocity
11,11,Baetidae,,continuous,3.0,165.0,43.5,1075.0,2.0,1075.0,27.348731266773612,108.41977514278163,779.3705295435477,819.7537672932839,Elevation
