,Unnamed: 0,taxon,value,type,b1,b2,b3,b4,low,high,a1,a2,a3,a4,variable
1,1,Baetidae,,continuous,36.5,208.0,80.65,749.25,36.5,1981.0,145.36989299139503,155.04185614281963,207.3818135794877,561.9252235974484,Conductivity
2,2,Baetidae,,continuous,6.69,8.16,7.18,8.8,6.56,8.87,7.118317853980788,7.8117560741976835,8.321788818119376,8.778153070117838,pH
3,3,Baetidae,,continuous,0.73,5.6725,1.9225,25.43,0.73,66.84,1.7950190709346265,5.6416962544603315,11.972368139190568,14.11417347918734,Chlorophyll
7,7,Baetidae,,continuous,5.0,22.5,8.73,60.0,5.0,117.6,9.027802728696383,10.53997397996533,15.762851588309484,53.18019113081708,COD
10,10,Baetidae,,continuous,0.0,0.4,0.0,1.0,0.0,1.5,0.17021610393217224,0.2150036293989669,0.298324662207541,0.48332542411968216,velocity
