,Unnamed: 0,taxon,value,type,b1,b2,b3,b4,low,high,a1,a2,a3,a4,variable
1,1,Baetidae,,continuous,36.5,208.0,80.65,749.25,36.5,1981.0,87.40092605250715,140.2843364030379,180.53730799934684,499.04103840812706,Conductivity
2,2,Baetidae,,continuous,6.69,8.16,7.18,8.8,6.56,8.87,6.760499925232584,7.439834556042759,7.602052970205126,8.416530267353695,pH
4,4,Baetidae,,continuous,0.53,3.7725,1.86,55.84,0.53,181.74,1.9628723651059412,1.9644921207258992,13.598671677897851,37.81595126815416,Cl-
5,5,Baetidae,,continuous,1.97,8.2725,6.5875,10.65,1.97,13.63,2.8665014215497484,7.29174559545155,8.089399171908266,10.392408986243693,DO
6,6,Baetidae,,continuous,0.2,5.07,1.3725,85.43,0.0,355.63,3.531405858591457,4.326986335425599,11.415395206259028,53.451650973369496,Turbidity
9,9,Baetidae,,continuous,0.02,0.095,0.03,1.26,0.015,8.8,0.051065216503120944,0.0754593491662363,0.5973670179315058,0.7312833801470566,NH4+-N
10,10,Baetidae,,continuous,0.0,0.4,0.0,1.0,0.0,1.5,0.028015212808879975,0.3325721416774428,0.3907930873398834,0.4882401961924996,velocity
11,11,Baetidae,,continuous,3.0,165.0,43.5,1075.0,2.0,1075.0,11.069961261345112,33.78246247572176,752.198872029124,1072.2618854841442,Elevation
