,Unnamed: 0,taxon,value,type,b1,b2,b3,b4,low,high,a1,a2,a3,a4,variable
2,2,Baetidae,,continuous,6.69,8.16,7.18,8.8,6.56,8.87,6.990151519420566,7.4115338278412235,7.517686554430249,8.250393509715128,pH
4,4,Baetidae,,continuous,0.53,3.7725,1.86,55.84,0.53,181.74,1.0513774076801108,2.3844818492071385,15.141813096393129,27.94840957431718,Cl-
10,10,Baetidae,,continuous,0.0,0.4,0.0,1.0,0.0,1.5,0.07864884379153558,0.38829358321676916,0.644024398129854,0.7822246296879968,velocity
