,Unnamed: 0,taxon,value,type,b1,b2,b3,b4,low,high,a1,a2,a3,a4,variable
1,1,Baetidae,,continuous,36.5,208.0,80.65,749.25,36.5,1981.0,172.98157526876534,179.86067374891567,421.3468439692148,703.8037407205297,Conductivity
3,3,Baetidae,,continuous,0.73,5.6725,1.9225,25.43,0.73,66.84,3.8633669041325414,3.8853154447119027,3.893895913202134,4.60475248322824,Chlorophyll
5,5,Baetidae,,continuous,1.97,8.2725,6.5875,10.65,1.97,13.63,2.1977317791495854,2.285389675968072,8.097176627223234,9.531277319788687,DO
7,7,Baetidae,,continuous,5.0,22.5,8.73,60.0,5.0,117.6,11.483197867017294,17.196002158180885,19.75296677932195,22.820797233636213,COD
8,8,Baetidae,,continuous,0.23,0.29,0.23,0.95,0.23,2.0,0.23647085805845225,0.23743285815102183,0.5453362304330357,0.8187128092085285,NO3--N
10,10,Baetidae,,continuous,0.0,0.4,0.0,1.0,0.0,1.5,0.1448053000982883,0.23947974846718667,0.3676882597814676,0.8389514481079304,velocity
