,Unnamed: 0,taxon,value,type,b1,b2,b3,b4,low,high,a1,a2,a3,a4,variable
1,1,Baetidae,,continuous,36.5,208.0,80.65,749.25,36.5,1981.0,69.06461303068245,127.56586181231272,260.2755656332253,683.9502063088316,Conductivity
2,2,Baetidae,,continuous,6.69,8.16,7.18,8.8,6.56,8.87,7.498168493439156,7.620713925614041,7.955794737374362,8.401488039056062,pH
3,3,Baetidae,,continuous,0.73,5.6725,1.9225,25.43,0.73,66.84,1.1793460947898828,1.5432247927133933,4.271220363815459,23.718848974876916,Chlorophyll
5,5,Baetidae,,continuous,1.97,8.2725,6.5875,10.65,1.97,13.63,6.6746098417181505,7.901869313482829,7.967261598432531,8.282770336420048,DO
8,8,Baetidae,,continuous,0.23,0.29,0.23,0.95,0.23,2.0,0.2542977451099315,0.26743126256149863,0.30214499965102504,0.8741012851421502,NO3--N
11,11,Baetidae,,continuous,3.0,165.0,43.5,1075.0,2.0,1075.0,60.82119749853055,112.88900877023441,497.4776026833758,1044.0683119006458,Elevation
