,Unnamed: 0,taxon,value,type,b1,b2,b3,b4,low,high,a1,a2,a3,a4,variable
0,0,Baetidae,,continuous,19.04,27.01,24.805,32.22,19.04,34.0,21.213973965457214,25.011509910577644,27.781511250825666,29.637045870694827,Temperature
2,2,Baetidae,,continuous,6.69,8.16,7.18,8.8,6.56,8.87,7.6545463352547305,7.892457306564934,8.08312943898577,8.467617422947601,pH
3,3,Baetidae,,continuous,0.73,5.6725,1.9225,25.43,0.73,66.84,2.864542487014823,4.286823848133691,4.820845782235262,5.278102337837346,Chlorophyll
6,6,Baetidae,,continuous,0.2,5.07,1.3725,85.43,0.0,355.63,2.550926621887504,5.067062622597983,16.459991728141134,70.99957246326025,Turbidity
7,7,Baetidae,,continuous,5.0,22.5,8.73,60.0,5.0,117.6,10.70889885470305,13.572827693578272,18.074079972964213,18.271228487397266,COD
8,8,Baetidae,,continuous,0.23,0.29,0.23,0.95,0.23,2.0,0.24590384582372546,0.2506248266200848,0.2716781221878613,0.9222145437651218,NO3--N
11,11,Baetidae,,continuous,3.0,165.0,43.5,1075.0,2.0,1075.0,11.215086577078626,64.07549504976349,89.83873569418778,151.80151050478264,Elevation
