,Unnamed: 0,taxon,value,type,b1,b2,b3,b4,low,high,a1,a2,a3,a4,variable
0,0,Baetidae,,continuous,19.04,27.01,24.805,32.22,19.04,34.0,24.10821021925684,25.94050976379365,26.09717068587252,31.874027021546972,Temperature
1,1,Baetidae,,continuous,36.5,208.0,80.65,749.25,36.5,1981.0,48.15642382692726,157.35578975712423,240.13207189188856,715.4760563215535,Conductivity
2,2,Baetidae,,continuous,6.69,8.16,7.18,8.8,6.56,8.87,7.04546306091203,7.274395315743224,7.707820907794247,8.326706299497575,pH
6,6,Baetidae,,continuous,0.2,5.07,1.3725,85.43,0.0,355.63,0.23125135971853975,2.4701061144355023,3.8241373544684847,47.04698386207607,Turbidity
7,7,Baetidae,,continuous,5.0,22.5,8.73,60.0,5.0,117.6,12.997110482478234,18.396293650116483,19.049870083468466,57.247798698073154,COD
11,11,Baetidae,,continuous,3.0,165.0,43.5,1075.0,2.0,1075.0,12.55821688549155,119.848316662634,270.1468187947693,305.6953458854135,Elevation
