,Unnamed: 0,taxon,value,type,b1,b2,b3,b4,low,high,a1,a2,a3,a4,variable
1,1,Baetidae,,continuous,36.5,208.0,80.65,749.25,36.5,1981.0,166.52103166938065,191.47557827056124,199.0822382478213,440.1543939726081,Conductivity
2,2,Baetidae,,continuous,6.69,8.16,7.18,8.8,6.56,8.87,7.511004379633976,7.8530272554979375,8.718321683301912,8.799441218757613,pH
3,3,Baetidae,,continuous,0.73,5.6725,1.9225,25.43,0.73,66.84,1.7640996710144483,4.292836277132476,19.67804525342911,21.50637307184203,Chlorophyll
4,4,Baetidae,,continuous,0.53,3.7725,1.86,55.84,0.53,181.74,1.186375391665739,1.2658847608057477,28.15004714590195,40.116273098461846,Cl-
6,6,Baetidae,,continuous,0.2,5.07,1.3725,85.43,0.0,355.63,0.9437719481282225,3.213187983504033,43.494068300464114,52.605363371270705,Turbidity
