,Unnamed: 0,taxon,value,type,b1,b2,b3,b4,low,high,a1,a2,a3,a4,variable
0,0,Baetidae,,continuous,19.04,27.01,24.805,32.22,19.04,34.0,21.195931791257088,23.770543279912076,27.94572190839027,30.398114162780722,Temperature
6,6,Baetidae,,continuous,0.2,5.07,1.3725,85.43,0.0,355.63,3.0166469233578894,4.860702478703981,15.720779294303705,30.247213417486645,Turbidity
7,7,Baetidae,,continuous,5.0,22.5,8.73,60.0,5.0,117.6,5.626166454409887,11.391006994688194,19.78501249690495,32.100221526879515,COD
11,11,Baetidae,,continuous,3.0,165.0,43.5,1075.0,2.0,1075.0,4.016840036839956,111.78170938888826,347.40000061105076,815.3684443844388,Elevation
