,Unnamed: 0,taxon,value,type,b1,b2,b3,b4,low,high,a1,a2,a3,a4,variable
0,0,Baetidae,,continuous,19.04,27.01,24.805,32.22,19.04,34.0,20.546029842886888,22.416720211600076,30.041302240981707,32.134671393601685,Temperature
1,1,Baetidae,,continuous,36.5,208.0,80.65,749.25,36.5,1981.0,44.63996431969441,91.29636812731296,256.03126825189895,256.57485973617327,Conductivity
2,2,Baetidae,,continuous,6.69,8.16,7.18,8.8,6.56,8.87,7.111047904406988,7.12876359250152,8.103221876861667,8.65138169451067,pH
3,3,Baetidae,,continuous,0.73,5.6725,1.9225,25.43,0.73,66.84,1.6924039345118111,3.9280475180497447,5.242702641107034,21.550959362023963,Chlorophyll
7,7,Baetidae,,continuous,5.0,22.5,8.73,60.0,5.0,117.6,8.953246912377136,16.08637121546079,19.299153233570344,51.87059460217651,COD
9,9,Baetidae,,continuous,0.02,0.095,0.03,1.26,0.015,8.8,0.027868890102206438,0.07842613856042654,0.2521997399183862,0.2886178282516062,NH4+-N
