,Unnamed: 0,taxon,value,type,b1,b2,b3,b4,low,high,a1,a2,a3,a4,variable
0,0,Baetidae,,continuous,19.04,27.01,24.805,32.22,19.04,34.0,19.932000222891233,22.976430730741917,25.175472291132213,26.219707451896536,Temperature
1,1,Baetidae,,continuous,36.5,208.0,80.65,749.25,36.5,1981.0,155.2044393331396,203.72185382232271,301.8014203699692,662.5433393763942,Conductivity
4,4,Baetidae,,continuous,0.53,3.7725,1.86,55.84,0.53,181.74,1.2338050502631284,3.030015185626258,39.08193499302656,44.151469213102466,Cl-
6,6,Baetidae,,continuous,0.2,5.07,1.3725,85.43,0.0,355.63,1.428092251322353,4.077415625656149,53.26034385029779,55.20721172973374,Turbidity
9,9,Baetidae,,continuous,0.02,0.095,0.03,1.26,0.015,8.8,0.057380791512948934,0.06383643315737485,0.39024133527089677,0.4371884548621533,NH4+-N
11,11,Baetidae,,continuous,3.0,165.0,43.5,1075.0,2.0,1075.0,35.593473765651424,50.420580210628245,148.92587180770286,532.7699052384049,Elevation
