,Unnamed: 0,taxon,value,type,b1,b2,b3,b4,low,high,a1,a2,a3,a4,variable
3,3,Baetidae,,continuous,0.73,5.6725,1.9225,25.43,0.73,66.84,2.9607737625463084,4.417839871442178,5.158785563009154,14.92699031026104,Chlorophyll
6,6,Baetidae,,continuous,0.2,5.07,1.3725,85.43,0.0,355.63,3.367211999053363,3.952481493447797,41.008273064409636,82.52709003473454,Turbidity
