,Unnamed: 0,taxon,value,type,b1,b2,b3,b4,low,high,a1,a2,a3,a4,variable
0,0,Baetidae,,continuous,19.04,27.01,24.805,32.22,19.04,34.0,19.950873146173723,21.804587120347875,27.569574783091912,30.767528113958917,Temperature
2,2,Baetidae,,continuous,6.69,8.16,7.18,8.8,6.56,8.87,6.71236786604347,7.537787113598481,7.7369016510859305,8.308960741307944,pH
4,4,Baetidae,,continuous,0.53,3.7725,1.86,55.84,0.53,181.74,0.8428693130237348,3.676268848322124,10.572374172869269,11.255925996360526,Cl-
10,10,Baetidae,,continuous,0.0,0.4,0.0,1.0,0.0,1.5,0.16177923933173025,0.34569736949180935,0.7575910288678123,0.8688111027660586,velocity
