,Unnamed: 0,taxon,value,type,b1,b2,b3,b4,low,high,a1,a2,a3,a4,variable
1,1,Baetidae,,continuous,36.5,208.0,80.65,749.25,36.5,1981.0,92.5652933056326,103.74286071962896,124.61679169436464,632.5698334666646,Conductivity
2,2,Baetidae,,continuous,6.69,8.16,7.18,8.8,6.56,8.87,7.689278225804439,7.695942686826208,8.014350086331746,8.399020738955338,pH
3,3,Baetidae,,continuous,0.73,5.6725,1.9225,25.43,0.73,66.84,0.73127983524982,3.4625921149797123,9.435367310680048,12.470924865113332,Chlorophyll
4,4,Baetidae,,continuous,0.53,3.7725,1.86,55.84,0.53,181.74,1.1332165379898835,3.2805245072874616,40.24030120666884,50.00753024123324,Cl-
6,6,Baetidae,,continuous,0.2,5.07,1.3725,85.43,0.0,355.63,4.615299909954328,4.851174788971784,10.340148512604117,57.146604337552674,Turbidity
7,7,Baetidae,,continuous,5.0,22.5,8.73,60.0,5.0,117.6,12.429697833362452,14.500225416951029,22.421534474120897,42.08231258951922,COD
