,Unnamed: 0,taxon,value,type,b1,b2,b3,b4,low,high,a1,a2,a3,a4,variable
0,0,Baetidae,,continuous,19.04,27.01,24.805,32.22,19.04,34.0,20.839472797792787,24.665776733077514,28.87387574949268,29.237578620030384,Temperature
1,1,Baetidae,,continuous,36.5,208.0,80.65,749.25,36.5,1981.0,94.86695346899785,146.97394374090786,298.0008376719969,298.61717938990665,Conductivity
2,2,Baetidae,,continuous,6.69,8.16,7.18,8.8,6.56,8.87,7.583432178742355,7.8892745674933815,8.200474808248803,8.349770549518599,pH
3,3,Baetidae,,continuous,0.73,5.6725,1.9225,25.43,0.73,66.84,3.865932007083862,4.497820967070048,8.428464824331485,25.182554349380066,Chlorophyll
5,5,Baetidae,,continuous,1.97,8.2725,6.5875,10.65,1.97,13.63,2.20777195688647,4.386997683862854,6.883567369990389,8.860947217085068,DO
6,6,Baetidae,,continuous,0.2,5.07,1.3725,85.43,0.0,355.63,0.3582716895793412,2.3173408675425153,40.296344123880345,53.74891329969901,Turbidity
10,10,Baetidae,,continuous,0.0,0.4,0.0,1.0,0.0,1.5,0.3538699006647798,0.37126374242726223,0.37896080449188047,0.569217874992206,velocity
