,Unnamed: 0,taxon,value,type,b1,b2,b3,b4,low,high,a1,a2,a3,a4,variable
0,0,Baetidae,,continuous,19.04,27.01,24.805,32.22,19.04,34.0,20.74294537780849,22.777472041830748,26.206365456477013,27.852004981552724,Temperature
1,1,Baetidae,,continuous,36.5,208.0,80.65,749.25,36.5,1981.0,69.23873486857411,94.57996492318358,413.1309630534786,618.9758911619164,Conductivity
2,2,Baetidae,,continuous,6.69,8.16,7.18,8.8,6.56,8.87,7.332828522751313,7.662935428996411,7.897886987565153,8.553935897450575,pH
5,5,Baetidae,,continuous,1.97,8.2725,6.5875,10.65,1.97,13.63,5.860803256152624,6.879104924054444,7.364434442806393,9.555001655887402,DO
7,7,Baetidae,,continuous,5.0,22.5,8.73,60.0,5.0,117.6,5.906940660755575,11.881655612159692,33.23233043409677,55.69569628293161,COD
10,10,Baetidae,,continuous,0.0,0.4,0.0,1.0,0.0,1.5,0.10662820838465517,0.3087434625970611,0.5227142703054737,0.869700503072505,velocity
