,Unnamed: 0,taxon,value,type,b1,b2,b3,b4,low,high,a1,a2,a3,a4,variable
0,0,Baetidae,,continuous,19.04,27.01,24.805,32.22,19.04,34.0,21.592150351584692,24.671206908083615,25.767657222421587,30.79804595027272,Temperature
3,3,Baetidae,,continuous,0.73,5.6725,1.9225,25.43,0.73,66.84,1.2078842831309209,3.9242680002762342,6.395569527947664,7.489812562922959,Chlorophyll
5,5,Baetidae,,continuous,1.97,8.2725,6.5875,10.65,1.97,13.63,6.834865885467759,7.16934156365723,8.481235012447163,10.143938926766419,DO
8,8,Baetidae,,continuous,0.23,0.29,0.23,0.95,0.23,2.0,0.2467401368621896,0.25524612284238746,0.4184591820225432,0.4663124122650861,NO3--N
9,9,Baetidae,,continuous,0.02,0.095,0.03,1.26,0.015,8.8,0.023251287788025685,0.06438839338660582,0.17565285660959742,1.2305926527653102,NH4+-N
10,10,Baetidae,,continuous,0.0,0.4,0.0,1.0,0.0,1.5,0.21936269820366472,0.22893351630894562,0.274651903765576,0.4749254375620452,velocity
