,Unnamed: 0,taxon,value,type,b1,b2,b3,b4,low,high,a1,a2,a3,a4,variable
1,1,Baetidae,,continuous,36.5,208.0,80.65,749.25,36.5,1981.0,42.42752883365685,44.15206960341629,259.94480535366176,650.7533058466333,Conductivity
2,2,Baetidae,,continuous,6.69,8.16,7.18,8.8,6.56,8.87,6.7919015997838015,7.0379605668347445,7.927967906390108,8.661339634084595,pH
3,3,Baetidae,,continuous,0.73,5.6725,1.9225,25.43,0.73,66.84,2.041662818702436,3.187869453497124,6.341387762531413,11.383320185371298,Chlorophyll
4,4,Baetidae,,continuous,0.53,3.7725,1.86,55.84,0.53,181.74,3.0438000426536114,3.730328777969519,41.68409985990121,51.30062042277465,Cl-
5,5,Baetidae,,continuous,1.97,8.2725,6.5875,10.65,1.97,13.63,5.319433912327892,7.8353474255183855,8.21189772324641,10.150753656712624,DO
9,9,Baetidae,,continuous,0.02,0.095,0.03,1.26,0.015,8.8,0.03332304107251566,0.0753294099478826,0.8019654846706117,0.9998397589465178,NH4+-N
10,10,Baetidae,,continuous,0.0,0.4,0.0,1.0,0.0,1.5,0.13226752420513113,0.215103188416498,0.3285044014096631,0.44185065036597326,velocity
11,11,Baetidae,,continuous,3.0,165.0,43.5,1075.0,2.0,1075.0,19.764277701179438,114.1196854330346,367.76681228509403,370.427693819895,Elevation
