,Unnamed: 0,taxon,value,type,b1,b2,b3,b4,low,high,a1,a2,a3,a4,variable
0,0,Baetidae,,continuous,19.04,27.01,24.805,32.22,19.04,34.0,20.13043808037596,21.438763548851764,27.038670578689754,29.273424930205554,Temperature
1,1,Baetidae,,continuous,36.5,208.0,80.65,749.25,36.5,1981.0,68.56483879783214,198.83200480330382,326.70006756526357,509.61046917298165,Conductivity
2,2,Baetidae,,continuous,6.69,8.16,7.18,8.8,6.56,8.87,7.277620076982347,7.395766998929247,7.8123483004776855,8.358219919023455,pH
9,9,Baetidae,,continuous,0.02,0.095,0.03,1.26,0.015,8.8,0.056013288241016757,0.07345440031828453,0.7842304875613314,1.121987433368085,NH4+-N
11,11,Baetidae,,continuous,3.0,165.0,43.5,1075.0,2.0,1075.0,52.58258013396833,136.6349925784549,431.2715377339442,778.2574520011818,Elevation
