,Unnamed: 0,taxon,value,type,b1,b2,b3,b4,low,high,a1,a2,a3,a4,variable
0,0,Baetidae,,continuous,19.04,27.01,24.805,32.22,19.04,34.0,21.450388831038467,21.67183331475379,27.196191884334898,29.489475570543835,Temperature
1,1,Baetidae,,continuous,36.5,208.0,80.65,749.25,36.5,1981.0,59.624917522394824,146.0063057657711,191.93687413554716,430.20914282850276,Conductivity
6,6,Baetidae,,continuous,0.2,5.07,1.3725,85.43,0.0,355.63,3.2228609653871803,3.715104095974613,23.475205389191157,43.402090844018495,Turbidity
7,7,Baetidae,,continuous,5.0,22.5,8.73,60.0,5.0,117.6,10.069820455619311,12.401605720547712,22.411375558783075,51.0598096287321,COD
