,Unnamed: 0,taxon,value,type,b1,b2,b3,b4,low,high,a1,a2,a3,a4,variable
0,0,Baetidae,,continuous,19.04,27.01,24.805,32.22,19.04,34.0,19.187439086638683,23.972670836458164,28.676799938863997,32.05067439075429,Temperature
3,3,Baetidae,,continuous,0.73,5.6725,1.9225,25.43,0.73,66.84,3.960032135746131,5.107368785261434,9.343407994925508,9.72903075834904,Chlorophyll
4,4,Baetidae,,continuous,0.53,3.7725,1.86,55.84,0.53,181.74,3.095006393036643,3.4271970008977544,17.31106141863816,32.40233958995365,Cl-
6,6,Baetidae,,continuous,0.2,5.07,1.3725,85.43,0.0,355.63,0.5544405827708787,3.3767451532579216,51.67265940503249,75.0700083140244,Turbidity
9,9,Baetidae,,continuous,0.02,0.095,0.03,1.26,0.015,8.8,0.04269133008403079,0.050479836132389516,0.1067855213909692,1.1453201510608924,NH4+-N
