,Unnamed: 0,taxon,value,type,b1,b2,b3,b4,low,high,a1,a2,a3,a4,variable
0,0,Baetidae,,continuous,19.04,27.01,24.805,32.22,19.04,34.0,20.00765166705762,24.987859444171,25.599254434850153,29.08993787660234,Temperature
1,1,Baetidae,,continuous,36.5,208.0,80.65,749.25,36.5,1981.0,80.72019505433258,156.01044091380174,425.49651918311065,584.9395876220899,Conductivity
3,3,Baetidae,,continuous,0.73,5.6725,1.9225,25.43,0.73,66.84,3.759292385562141,4.133793011412347,7.835996054250427,19.89625296262397,Chlorophyll
4,4,Baetidae,,continuous,0.53,3.7725,1.86,55.84,0.53,181.74,1.2986811783004906,2.266289475793818,8.725983050571571,30.767931964467593,Cl-
5,5,Baetidae,,continuous,1.97,8.2725,6.5875,10.65,1.97,13.63,4.547246723188864,4.8192330292397765,8.228164572798379,9.202358445153909,DO
6,6,Baetidae,,continuous,0.2,5.07,1.3725,85.43,0.0,355.63,3.1492009871982525,3.5439630561874975,52.54189318614335,68.3327343837719,Turbidity
8,8,Baetidae,,continuous,0.23,0.29,0.23,0.95,0.23,2.0,0.2454082966136131,0.25509832338208055,0.2899342039130442,0.8238661183215313,NO3--N
