,Unnamed: 0,taxon,value,type,b1,b2,b3,b4,low,high,a1,a2,a3,a4,variable
1,1,Baetidae,,continuous,36.5,208.0,80.65,749.25,36.5,1981.0,87.44959746865622,146.06568090838215,163.5041284944711,163.79615672262113,Conductivity
3,3,Baetidae,,continuous,0.73,5.6725,1.9225,25.43,0.73,66.84,1.8564875932379719,2.8257950509170287,8.505506184196339,14.721745007428003,Chlorophyll
4,4,Baetidae,,continuous,0.53,3.7725,1.86,55.84,0.53,181.74,1.6799871370871324,3.1565776946854847,11.562122492176861,37.104021826941036,Cl-
5,5,Baetidae,,continuous,1.97,8.2725,6.5875,10.65,1.97,13.63,2.0814544330350415,2.8713914510178515,7.856089694878229,8.546053142226604,DO
6,6,Baetidae,,continuous,0.2,5.07,1.3725,85.43,0.0,355.63,1.4602986258829587,5.069461153328837,35.14150565120329,85.05216632610603,Turbidity
11,11,Baetidae,,continuous,3.0,165.0,43.5,1075.0,2.0,1075.0,41.240020694119785,116.56407368755545,317.62617877614497,348.9772785503646,Elevation
