,Unnamed: 0,taxon,value,type,b1,b2,b3,b4,low,high,a1,a2,a3,a4,variable
0,0,Baetidae,,continuous,19.04,27.01,24.805,32.22,19.04,34.0,20.927127638055683,21.915305517051387,24.903264722554997,29.915223140778018,Temperature
3,3,Baetidae,,continuous,0.73,5.6725,1.9225,25.43,0.73,66.84,2.95265643635815,4.031785104452731,12.646230251575732,16.08092513331648,Chlorophyll
4,4,Baetidae,,continuous,0.53,3.7725,1.86,55.84,0.53,181.74,0.564219623078181,1.2090235328134722,31.13103729423764,44.460077313425465,Cl-
5,5,Baetidae,,continuous,1.97,8.2725,6.5875,10.65,1.97,13.63,7.646417455899803,7.967517964293441,8.11223342440163,9.246026127160853,DO
8,8,Baetidae,,continuous,0.23,0.29,0.23,0.95,0.23,2.0,0.2657115396143005,0.2894131451176053,0.690079004051643,0.7223570368908496,NO3--N
