,Unnamed: 0,taxon,value,type,b1,b2,b3,b4,low,high,a1,a2,a3,a4,variable
1,1,Baetidae,,continuous,36.5,208.0,80.65,749.25,36.5,1981.0,66.66721312983235,72.70898039360333,246.1039346097236,603.2066551288578,Conductivity
3,3,Baetidae,,continuous,0.73,5.6725,1.9225,25.43,0.73,66.84,2.7841014731020306,4.075907795560158,6.986038835506322,11.919144896045884,Chlorophyll
4,4,Baetidae,,continuous,0.53,3.7725,1.86,55.84,0.53,181.74,0.7730997631000902,2.2397972289373396,22.472902610846695,22.981243422383084,Cl-
8,8,Baetidae,,continuous,0.23,0.29,0.23,0.95,0.23,2.0,0.2392728034793087,0.25597373722295996,0.4222253568785635,0.5059406522326662,NO3--N
