,Unnamed: 0,taxon,value,type,b1,b2,b3,b4,low,high,a1,a2,a3,a4,variable
3,3,Baetidae,,continuous,0.73,5.6725,1.9225,25.43,0.73,66.84,2.08631740042264,3.0259442645850885,5.04027601432217,13.679966134624292,Chlorophyll
4,4,Baetidae,,continuous,0.53,3.7725,1.86,55.84,0.53,181.74,2.4294978842191766,2.6399226619322995,18.251104842183807,52.42393339062281,Cl-
6,6,Baetidae,,continuous,0.2,5.07,1.3725,85.43,0.0,355.63,0.41958733167440776,0.8364401695467225,2.2808493399760685,82.26852126148609,Turbidity
8,8,Baetidae,,continuous,0.23,0.29,0.23,0.95,0.23,2.0,0.2609961675677486,0.2727279422555792,0.7120719977861852,0.9282803920427705,NO3--N
9,9,Baetidae,,continuous,0.02,0.095,0.03,1.26,0.015,8.8,0.062111845746846084,0.06913339953920668,0.5561361274002653,1.0311757323294537,NH4+-N
10,10,Baetidae,,continuous,0.0,0.4,0.0,1.0,0.0,1.5,0.00382035488394501,0.23720505708915096,0.38820214113892904,0.8929083176416595,velocity
11,11,Baetidae,,continuous,3.0,165.0,43.5,1075.0,2.0,1075.0,56.345117356464634,130.00954016961964,715.0638406120796,802.9004541164268,Elevation
