,Unnamed: 0,taxon,value,type,b1,b2,b3,b4,low,high,a1,a2,a3,a4,variable
1,1,Baetidae,,continuous,36.5,208.0,80.65,749.25,36.5,1981.0,38.037004557446664,49.27206466176051,424.8797597491159,599.4695360666904,Conductivity
2,2,Baetidae,,continuous,6.69,8.16,7.18,8.8,6.56,8.87,7.225037743040895,7.253021727238922,7.712327433070268,7.728367633443181,pH
3,3,Baetidae,,continuous,0.73,5.6725,1.9225,25.43,0.73,66.84,2.6797047902428277,5.3662131648213816,14.586517432939793,17.48831466404708,Chlorophyll
6,6,Baetidae,,continuous,0.2,5.07,1.3725,85.43,0.0,355.63,0.6622106207393459,3.700177316126028,27.667750495438934,55.36507711286469,Turbidity
8,8,Baetidae,,continuous,0.23,0.29,0.23,0.95,0.23,2.0,0.23153516700627982,0.2848946719586225,0.32561361087967894,0.8197979475075696,NO3--N
9,9,Baetidae,,continuous,0.02,0.095,0.03,1.26,0.015,8.8,0.0720081595555672,0.08488617839158968,0.13280666127749857,0.8015016383016441,NH4+-N
10,10,Baetidae,,continuous,0.0,0.4,0.0,1.0,0.0,1.5,0.2209970177134203,0.2928999167957666,0.6791966798968628,0.7662287605124165,velocity
11,11,Baetidae,,continuous,3.0,165.0,43.5,1075.0,2.0,1075.0,72.890225616551,131.52119483493433,132.809231846569,392.0911887210508,Elevation
