,Unnamed: 0,taxon,value,type,b1,b2,b3,b4,low,high,a1,a2,a3,a4,variable
0,0,Baetidae,,continuous,19.04,27.01,24.805,32.22,19.04,34.0,22.223601208751912,24.344835620336248,25.217515357551836,26.80544869358447,Temperature
4,4,Baetidae,,continuous,0.53,3.7725,1.86,55.84,0.53,181.74,2.7866967029744325,3.666897982096777,14.229168305066086,51.06708242963443,Cl-
5,5,Baetidae,,continuous,1.97,8.2725,6.5875,10.65,1.97,13.63,5.25571522494378,8.036464673947362,8.734495196695061,10.60515719511931,DO
6,6,Baetidae,,continuous,0.2,5.07,1.3725,85.43,0.0,355.63,0.5943224701270717,4.318624261624038,39.738648942397454,67.8937394242036,Turbidity
7,7,Baetidae,,continuous,5.0,22.5,8.73,60.0,5.0,117.6,12.027695497880664,18.367490612715052,22.841087753627384,40.45086102561367,COD
