,Unnamed: 0,taxon,value,type,b1,b2,b3,b4,low,high,a1,a2,a3,a4,variable
0,0,Baetidae,,continuous,19.04,27.01,24.805,32.22,19.04,34.0,21.43287095648213,24.84436599579035,27.821296826444602,29.930297212931965,Temperature
2,2,Baetidae,,continuous,6.69,8.16,7.18,8.8,6.56,8.87,7.165525469745306,7.3624879137450545,7.495987944180431,8.392170465733647,pH
3,3,Baetidae,,continuous,0.73,5.6725,1.9225,25.43,0.73,66.84,2.276679740283749,4.443547858659733,4.838377717942411,24.819254316301176,Chlorophyll
7,7,Baetidae,,continuous,5.0,22.5,8.73,60.0,5.0,117.6,8.560170475059644,10.245094638641827,40.08488035009915,40.90959512139905,COD
9,9,Baetidae,,continuous,0.02,0.095,0.03,1.26,0.015,8.8,0.04282101965839552,0.08944208690573527,0.9760410118248058,1.007335453660517,NH4+-N
11,11,Baetidae,,continuous,3.0,165.0,43.5,1075.0,2.0,1075.0,12.452867556424351,49.68575126072325,670.8759033583224,907.7083987137039,Elevation
