,Unnamed: 0,taxon,value,type,b1,b2,b3,b4,low,high,a1,a2,a3,a4,variable
2,2,Baetidae,,continuous,6.69,8.16,7.18,8.8,6.56,8.87,7.6470686637212895,7.8558333408726035,8.039804790279417,8.149986510353187,pH
5,5,Baetidae,,continuous,1.97,8.2725,6.5875,10.65,1.97,13.63,3.4552314424668955,7.169338403904375,8.177743548000976,8.32143166662003,DO
6,6,Baetidae,,continuous,0.2,5.07,1.3725,85.43,0.0,355.63,1.2114988358711185,2.5244536519652416,16.09119609279905,36.92335031105937,Turbidity
7,7,Baetidae,,continuous,5.0,22.5,8.73,60.0,5.0,117.6,10.395040461638672,17.378069172262798,24.926678674405313,38.8724250671107,COD
10,10,Baetidae,,continuous,0.0,0.4,0.0,1.0,0.0,1.5,0.0536154770943468,0.09045853472554284,0.12309780254612113,0.24438014068493674,velocity
