,Unnamed: 0,taxon,value,type,b1,b2,b3,b4,low,high,a1,a2,a3,a4,variable
2,2,Baetidae,,continuous,6.69,8.16,7.18,8.8,6.56,8.87,6.78728981725438,6.939423512602814,7.651416769069813,8.728752838233843,pH
5,5,Baetidae,,continuous,1.97,8.2725,6.5875,10.65,1.97,13.63,3.099354540286632,6.091942643141896,6.69245794691781,6.750496339444496,DO
7,7,Baetidae,,continuous,5.0,22.5,8.73,60.0,5.0,117.6,7.587910767122764,9.887033136469412,15.187733234353917,55.202032216691876,COD
