,Unnamed: 0,taxon,value,type,b1,b2,b3,b4,low,high,a1,a2,a3,a4,variable
1,1,Baetidae,,continuous,36.5,208.0,80.65,749.25,36.5,1981.0,136.29286819934953,203.96452280619923,553.4895964163188,577.4475503375688,Conductivity
3,3,Baetidae,,continuous,0.73,5.6725,1.9225,25.43,0.73,66.84,1.3137812704680742,1.6099832718671125,4.488493886525588,21.716825416543024,Chlorophyll
5,5,Baetidae,,continuous,1.97,8.2725,6.5875,10.65,1.97,13.63,2.082787691328725,2.8796016696763145,7.411088600638172,9.041022652655421,DO
6,6,Baetidae,,continuous,0.2,5.07,1.3725,85.43,0.0,355.63,1.1219702468982362,2.533743072158476,47.37761385031299,82.793884500263,Turbidity
8,8,Baetidae,,continuous,0.23,0.29,0.23,0.95,0.23,2.0,0.23540372270473597,0.24943393851701598,0.43164689176135884,0.8894455148471029,NO3--N
9,9,Baetidae,,continuous,0.02,0.095,0.03,1.26,0.015,8.8,0.08806998968642367,0.0916427743451694,0.41788416745317647,0.7606989510642838,NH4+-N
