,Unnamed: 0,taxon,value,type,b1,b2,b3,b4,low,high,a1,a2,a3,a4,variable
2,2,Baetidae,,continuous,6.69,8.16,7.18,8.8,6.56,8.87,7.494679688570431,7.709278290398081,8.320345152583373,8.644266340719259,pH
3,3,Baetidae,,continuous,0.73,5.6725,1.9225,25.43,0.73,66.84,3.7827838075477707,4.136315495413639,11.342017840433535,22.310846451878398,Chlorophyll
4,4,Baetidae,,continuous,0.53,3.7725,1.86,55.84,0.53,181.74,3.013661845612793,3.582623442929634,5.713408164682947,18.16041283791745,Cl-
7,7,Baetidae,,continuous,5.0,22.5,8.73,60.0,5.0,117.6,9.242597096425802,11.88421671282285,22.500601447287224,54.91966102758393,COD
11,11,Baetidae,,continuous,3.0,165.0,43.5,1075.0,2.0,1075.0,58.92147909645207,63.04041129731621,284.1633343528333,553.9952979723548,Elevation
