,Unnamed: 0,taxon,value,type,b1,b2,b3,b4,low,high,a1,a2,a3,a4,variable
0,0,Baetidae,,continuous,19.04,27.01,24.805,32.22,19.04,34.0,19.792435741883533,22.266614051321078,25.02793065227549,32.08594215032303,Temperature
1,1,Baetidae,,continuous,36.5,208.0,80.65,749.25,36.5,1981.0,147.7130493463972,200.5873631878499,202.45608903587456,396.0230644295706,Conductivity
3,3,Baetidae,,continuous,0.73,5.6725,1.9225,25.43,0.73,66.84,5.211278240864944,5.325546852742441,10.229137041371391,12.108497070768388,Chlorophyll
4,4,Baetidae,,continuous,0.53,3.7725,1.86,55.84,0.53,181.74,2.4321235378551362,3.1911744163430935,19.422162797751383,28.797438368120815,Cl-
7,7,Baetidae,,continuous,5.0,22.5,8.73,60.0,5.0,117.6,13.860450351714318,14.963268236036487,39.34088022709165,46.08707981539075,COD
10,10,Baetidae,,continuous,0.0,0.4,0.0,1.0,0.0,1.5,0.16377387043694502,0.31077675779757663,0.355429352118287,0.867110148084983,velocity
