,Unnamed: 0,taxon,value,type,b1,b2,b3,b4,low,high,a1,a2,a3,a4,variable
1,1,Baetidae,,continuous,36.5,208.0,80.65,749.25,36.5,1981.0,71.62270248878383,206.0314858620689,304.3665156026409,333.15123910379094,Conductivity
5,5,Baetidae,,continuous,1.97,8.2725,6.5875,10.65,1.97,13.63,2.1578235346084425,8.079680671006514,9.173305406458068,10.285473606680242,DO
7,7,Baetidae,,continuous,5.0,22.5,8.73,60.0,5.0,117.6,10.28943926949913,10.706324936913768,36.62836161448426,37.39848749387151,COD
9,9,Baetidae,,continuous,0.02,0.095,0.03,1.26,0.015,8.8,0.03825657430514783,0.08887080918824274,0.6611759214730226,0.6973505422063799,NH4+-N
10,10,Baetidae,,continuous,0.0,0.4,0.0,1.0,0.0,1.5,0.04537183634782469,0.31507843506077715,0.3652842177768305,0.8003256036313222,velocity
11,11,Baetidae,,continuous,3.0,165.0,43.5,1075.0,2.0,1075.0,27.982709642409716,154.99618083724562,615.9094196546978,705.194167442529,Elevation
