,Unnamed: 0,taxon,value,type,b1,b2,b3,b4,low,high,a1,a2,a3,a4,variable
1,1,Baetidae,,continuous,36.5,208.0,80.65,749.25,36.5,1981.0,50.3951283860665,193.6497534159336,237.47831644676592,484.47355050759165,Conductivity
2,2,Baetidae,,continuous,6.69,8.16,7.18,8.8,6.56,8.87,6.943609421318038,7.1924669193091315,7.517780582964057,7.634367862432587,pH
4,4,Baetidae,,continuous,0.53,3.7725,1.86,55.84,0.53,181.74,1.5358102767148127,2.5013815789696263,9.153994753697907,50.71223695518708,Cl-
5,5,Baetidae,,continuous,1.97,8.2725,6.5875,10.65,1.97,13.63,1.9934010352270004,3.925456472887606,6.9446289201389595,8.26816475051942,DO
6,6,Baetidae,,continuous,0.2,5.07,1.3725,85.43,0.0,355.63,1.7974095239873937,2.024391647300952,17.249697534593345,71.31159900114311,Turbidity
9,9,Baetidae,,continuous,0.02,0.095,0.03,1.26,0.015,8.8,0.06504978812369645,0.08905979006224024,0.5924607062938037,0.6662768050210918,NH4+-N
10,10,Baetidae,,continuous,0.0,0.4,0.0,1.0,0.0,1.5,0.10331929463598272,0.3179714638763811,0.66926207609143,0.7132149247378533,velocity
11,11,Baetidae,,continuous,3.0,165.0,43.5,1075.0,2.0,1075.0,68.78764908723518,117.06522764652112,286.34284654300734,412.14489906287383,Elevation
